{
  "project_info": {
    "project_number": "1003577837647",
    "project_id": "gaming-zone-ca485",
    "storage_bucket": "gaming-zone-ca485.firebasestorage.app"
  },
  "client": [
    {
      "client_info": {
        "mobilesdk_app_id": "1:1003577837647:android:a31e862511593cf5c3423a",
        "android_client_info": {
          "package_name": "com.yh.gamingzone"
        }
      },
      "oauth_client": [],
      "api_key": [
        {
          "current_key": "AIzaSyDCBaISAIfl9nSGgkzrL6tQtjpXcHrOKM0"
        }
      ],
      "services": {
        "appinvite_service": {
          "other_platform_oauth_client": []
        }
      }
    }
  ],
  "configuration_version": "1"
}
